Fips,Average Humidity,State_Code
1103,78.84%,AL
1133,78.77%,AL
1127,78.75%,AL
1009,78.56%,AL
1043,78.55%,AL
1073,78.49%,AL
1079,78.30%,AL
1011,78.19%,AL
1109,78.08%,AL
1093,77.89%,AL
1041,77.87%,AL
1087,77.86%,AL
1035,77.84%,AL
1053,77.78%,AL
1077,77.49%,AL
1057,77.45%,AL
1117,77.37%,AL
1013,77.30%,AL
1095,77.28%,AL
1101,77.13%,AL
1007,76.98%,AL
1063,76.96%,AL
1131,76.85%,AL
1125,76.80%,AL
1107,76.75%,AL
1047,76.75%,AL
1067,76.75%,AL
1039,76.69%,AL
1059,76.67%,AL
1119,76.59%,AL
1083,76.58%,AL
1033,76.51%,AL
1031,76.48%,AL
1065,76.36%,AL
1045,76.36%,AL
1075,76.33%,AL
1085,76.13%,AL
1081,76.12%,AL
1021,76.08%,AL
1105,76.03%,AL
1055,76.03%,AL
1037,76.02%,AL
1099,75.97%,AL
1001,75.97%,AL
1015,75.89%,AL
1003,75.84%,AL
1005,75.76%,AL
1089,75.75%,AL
1121,75.71%,AL
1069,75.37%,AL
1051,75.36%,AL
1123,75.30%,AL
1091,75.28%,AL
1113,75.22%,AL
1025,75.14%,AL
1019,75.11%,AL
1071,74.98%,AL
1049,74.69%,AL
1027,74.66%,AL
1129,74.60%,AL
1061,74.41%,AL
1023,74.32%,AL
1029,74.27%,AL
1097,74.17%,AL
1017,73.46%,AL
1111,71.85%,AL
2280,83.96%,AK
2220,83.71%,AK
2060,83.17%,AK
2282,82.99%,AK
2050,82.77%,AK
2090,82.13%,AK
2013,82.11%,AK
2100,81.55%,AK
2110,81.24%,AK
2070,81.12%,AK
2280,80.43%,AK
2232,80.41%,AK
2068,80.39%,AK
2240,80.22%,AK
2270,79.76%,AK
2150,79.59%,AK
2130,78.69%,AK
2122,78.46%,AK
2020,77.47%,AK
4015,82.43%,AZ
4005,81.01%,AZ
4013,80.59%,AZ
4009,80.20%,AZ
4023,79.93%,AZ
4003,79.70%,AZ
4021,79.56%,AZ
4011,79.46%,AZ
4019,79.11%,AZ
4007,78.52%,AZ
4027,78.12%,AZ
4001,78.06%,AZ
4017,77.99%,AZ
4025,77.64%,AZ
4012,76.87%,AZ
5021,80.76%,AR
5055,80.53%,AR
5071,79.58%,AR
5031,79.54%,AR
5111,79.25%,AR
5093,79.19%,AR
5035,78.97%,AR
5083,78.50%,AR
5037,78.45%,AR
5075,78.30%,AR
5047,78.26%,AR
5149,78.19%,AR
5115,78.07%,AR
5077,77.91%,AR
5121,77.81%,AR
5137,77.75%,AR
5143,77.73%,AR
5129,77.59%,AR
5033,77.56%,AR
5101,77.50%,AR
5105,77.48%,AR
5119,77.41%,AR
5029,77.38%,AR
5049,77.36%,AR
5131,77.35%,AR
5127,77.35%,AR
5089,77.29%,AR
5141,77.28%,AR
5087,77.24%,AR
5069,77.08%,AR
5005,77.06%,AR
5067,77.03%,AR
5009,77.00%,AR
5147,76.97%,AR
5007,76.95%,AR
5023,76.93%,AR
5135,76.82%,AR
5117,76.53%,AR
5019,76.48%,AR
5063,76.48%,AR
5059,76.46%,AR
5097,76.44%,AR
5015,76.36%,AR
5085,76.35%,AR
5079,76.33%,AR
5113,76.31%,AR
5053,76.29%,AR
5045,76.23%,AR
5125,76.18%,AR
5065,76.10%,AR
5145,76.07%,AR
5039,76.01%,AR
5051,75.93%,AR
5107,75.89%,AR
5095,75.88%,AR
5003,75.75%,AR
5041,75.34%,AR
5001,75.31%,AR
5025,75.17%,AR
5043,75.14%,AR
5109,74.95%,AR
5017,74.75%,AR
5013,74.69%,AR
5103,74.69%,AR
5011,74.37%,AR
5099,74.30%,AR
5139,74.28%,AR
5027,74.12%,AR
5057,73.91%,AR
5073,73.25%,AR
5061,72.51%,AR
5091,71.95%,AR
5081,71.19%,AR
5133,71.08%,AR
6045,88.96%,CA
6075,87.41%,CA
6087,86.24%,CA
6023,86.15%,CA
6053,85.79%,CA
6041,85.41%,CA
6005,84.60%,CA
6097,84.21%,CA
6021,84.11%,CA
6015,83.94%,CA
6017,83.60%,CA
6009,83.53%,CA
6079,83.41%,CA
6081,83.41%,CA
6073,83.22%,CA
6011,83.02%,CA
6033,82.81%,CA
6025,82.55%,CA
6065,82.44%,CA
6055,82.29%,CA
6093,82.15%,CA
6103,82.08%,CA
6007,81.75%,CA
6061,81.51%,CA
6101,81.51%,CA
6085,81.51%,CA
6111,81.47%,CA
6113,81.35%,CA
6115,81.16%,CA
6069,80.85%,CA
6035,80.52%,CA
6031,80.34%,CA
6067,80.29%,CA
6105,80.16%,CA
6003,80.14%,CA
6057,80.11%,CA
6059,79.96%,CA
6099,79.91%,CA
6043,79.84%,CA
6089,79.81%,CA
6109,79.75%,CA
6047,79.48%,CA
6049,79.42%,CA
6037,79.23%,CA
6019,78.93%,CA
6039,78.81%,CA
6091,78.61%,CA
6083,78.03%,CA
6077,77.82%,CA
6071,77.81%,CA
6001,77.71%,CA
6029,76.93%,CA
6027,76.61%,CA
6051,76.52%,CA
6063,76.20%,CA
6107,76.11%,CA
6013,75.33%,CA
6095,74.98%,CA
8125,82.96%,CO
8095,82.50%,CO
8087,82.43%,CO
8039,81.78%,CO
8069,81.73%,CO
8001,81.61%,CO
8121,81.52%,CO
8063,81.45%,CO
8013,81.14%,CO
8059,81.12%,CO
8005,81.03%,CO
8031,80.94%,CO
8035,80.74%,CO
8047,80.72%,CO
8123,80.64%,CO
8049,80.46%,CO
8105,80.46%,CO
8115,80.42%,CO
8075,80.41%,CO
8057,80.34%,CO
8019,80.27%,CO
8023,80.23%,CO
8003,80.11%,CO
8105,79.91%,CO
8041,79.88%,CO
8117,79.83%,CO
8043,79.71%,CO
8119,79.65%,CO
8021,79.64%,CO
8107,79.50%,CO
8073,79.48%,CO
8027,79.46%,CO
8007,79.29%,CO
8093,79.26%,CO
8015,79.20%,CO
8037,79.16%,CO
8065,79.11%,CO
8055,79.10%,CO
8097,78.63%,CO
8109,78.37%,CO
8051,78.21%,CO
8017,78.05%,CO
8079,77.80%,CO
8101,77.41%,CO
8053,77.07%,CO
8067,77.02%,CO
8029,76.98%,CO
8091,76.94%,CO
8045,76.78%,CO
8103,76.37%,CO
8033,76.25%,CO
8025,76.23%,CO
8111,76.20%,CO
8085,76.16%,CO
8077,76.02%,CO
8083,76.01%,CO
8113,75.42%,CO
8089,75.28%,CO
8071,75.10%,CO
8081,75.04%,CO
8061,74.36%,CO
8011,73.37%,CO
8009,72.78%,CO
8099,72.67%,CO
9009,80.99%,CT
9001,80.95%,CT
9007,79.97%,CT
9003,79.41%,CT
9011,78.72%,CT
9013,78.61%,CT
9015,77.40%,CT
9005,76.78%,CT
10005,78.28%,DE
10001,72.78%,DE
10003,68.37%,DE
12086,81.76%,FL
12089,80.86%,FL
12093,80.41%,FL
12003,80.38%,FL
12071,80.31%,FL
12045,79.92%,FL
12013,79.38%,FL
12087,79.36%,FL
12023,79.33%,FL
12061,79.02%,FL
12103,78.86%,FL
12047,78.82%,FL
12113,78.72%,FL
12077,78.64%,FL
12083,78.53%,FL
12055,78.43%,FL
12021,78.42%,FL
12033,78.31%,FL
12017,78.18%,FL
12115,77.97%,FL
12019,77.84%,FL
12057,77.83%,FL
12015,77.65%,FL
12031,77.63%,FL
12027,77.60%,FL
12117,77.59%,FL
12075,77.54%,FL
12011,77.51%,FL
12085,77.42%,FL
12105,77.29%,FL
12049,77.10%,FL
12127,77.08%,FL
12125,77.06%,FL
12079,76.93%,FL
12107,76.92%,FL
12007,76.85%,FL
12037,76.84%,FL
12101,76.72%,FL
12051,76.63%,FL
12043,76.58%,FL
12039,76.51%,FL
12063,76.30%,FL
12053,76.21%,FL
12073,76.07%,FL
12005,76.01%,FL
12097,75.93%,FL
12065,75.74%,FL
12121,75.69%,FL
12001,75.62%,FL
12081,75.51%,FL
12133,75.18%,FL
12095,75.15%,FL
12035,74.99%,FL
12119,74.81%,FL
12091,74.58%,FL
12009,74.47%,FL
12059,74.45%,FL
12099,73.91%,FL
12129,73.91%,FL
12123,73.85%,FL
12069,73.74%,FL
12131,73.19%,FL
12041,72.13%,FL
12067,70.29%,FL
12029,70.08%,FL
13127,85.55%,GA
13039,85.07%,GA
13305,84.43%,GA
13229,84.43%,GA
13025,84.05%,GA
13005,83.00%,GA
13299,82.38%,GA
13065,81.85%,GA
13049,81.39%,GA
13001,81.36%,GA
13069,80.85%,GA
13003,80.29%,GA
13161,79.84%,GA
13183,79.79%,GA
13173,79.78%,GA
13101,79.58%,GA
13163,79.25%,GA
13245,79.23%,GA
13303,78.61%,GA
13185,78.49%,GA
13271,78.25%,GA
13167,78.06%,GA
13017,78.04%,GA
13033,77.93%,GA
13319,77.75%,GA
13019,77.72%,GA
13267,77.72%,GA
13073,77.65%,GA
13179,77.54%,GA
13239,77.34%,GA
13155,77.34%,GA
13061,77.24%,GA
13063,77.24%,GA
13135,77.19%,GA
13247,77.18%,GA
13279,76.74%,GA
13075,76.72%,GA
13277,76.70%,GA
13209,76.65%,GA
13059,76.62%,GA
13013,76.59%,GA
13063,76.59%,GA
13027,76.54%,GA
13157,76.54%,GA
13099,76.53%,GA
13137,76.45%,GA
13009,76.42%,GA
13287,76.37%,GA
13071,76.35%,GA
13219,76.34%,GA
13297,76.30%,GA
13309,76.22%,GA
13125,76.21%,GA
13121,76.16%,GA
13315,76.08%,GA
13029,76.08%,GA
13091,75.98%,GA
13021,75.94%,GA
13141,75.92%,GA
13151,75.92%,GA
13109,75.86%,GA
13223,75.85%,GA
13139,75.85%,GA
13221,75.84%,GA
13321,75.83%,GA
13217,75.81%,GA
13289,75.72%,GA
13301,75.66%,GA
13205,75.62%,GA
13181,75.56%,GA
13169,75.50%,GA
13255,75.45%,GA
13133,75.43%,GA
13131,75.40%,GA
13265,75.32%,GA
13117,75.30%,GA
13083,75.30%,GA
13023,75.29%,GA
13241,75.29%,GA
13211,75.22%,GA
13107,75.21%,GA
13253,75.20%,GA
13007,75.19%,GA
13243,75.17%,GA
13317,75.17%,GA
13097,75.11%,GA
13113,75.07%,GA
13011,75.04%,GA
13067,75.00%,GA
13087,74.97%,GA
13283,74.96%,GA
13175,74.95%,GA
13079,74.92%,GA
13313,74.92%,GA
13051,74.90%,GA
13165,74.90%,GA
13311,74.89%,GA
13047,74.81%,GA
13095,74.80%,GA
13207,74.74%,GA
13281,74.70%,GA
13129,74.63%,GA
13295,74.59%,GA
13235,74.57%,GA
13275,74.57%,GA
13035,74.56%,GA
13171,74.56%,GA
13143,74.46%,GA
13195,74.44%,GA
13213,74.37%,GA
13037,74.36%,GA
13237,74.25%,GA
13043,74.23%,GA
13233,74.18%,GA
13159,74.16%,GA
13115,74.05%,GA
13231,74.03%,GA
13293,73.76%,GA
13081,73.67%,GA
13225,73.65%,GA
13055,73.64%,GA
13031,73.64%,GA
13119,73.57%,GA
13015,73.46%,GA
13201,73.43%,GA
13085,73.41%,GA
13057,73.32%,GA
13077,73.23%,GA
13153,73.22%,GA
13257,73.12%,GA
13187,73.12%,GA
13093,73.11%,GA
13259,73.08%,GA
13291,72.98%,GA
13269,72.78%,GA
13251,72.78%,GA
13215,72.72%,GA
13227,72.69%,GA
13053,72.63%,GA
13111,72.50%,GA
13105,72.44%,GA
13273,72.38%,GA
13193,72.16%,GA
13177,72.16%,GA
13285,71.97%,GA
13123,71.93%,GA
13263,71.89%,GA
13147,71.87%,GA
13149,71.84%,GA
13045,71.46%,GA
13261,71.35%,GA
13145,71.30%,GA
13249,71.25%,GA
13199,71.24%,GA
13103,71.23%,GA
13307,71.14%,GA
13197,71.05%,GA
15007,76.39%,HI
15001,74.88%,HI
15009,73.96%,HI
15003,73.72%,HI
16035,86.02%,ID
16049,85.78%,ID
16061,85.77%,ID
16069,84.58%,ID
16057,83.49%,ID
16083,82.74%,ID
16003,82.60%,ID
16079,82.55%,ID
16085,82.33%,ID
16009,82.10%,ID
16047,81.76%,ID
16059,81.72%,ID
16073,81.69%,ID
16025,81.26%,ID
16063,81.14%,ID
16021,81.02%,ID
16087,80.87%,ID
16053,80.62%,ID
16043,80.29%,ID
16033,80.29%,ID
16037,80.27%,ID
16013,80.11%,ID
16039,80.02%,ID
16017,79.61%,ID
16055,79.43%,ID
16023,79.38%,ID
16051,78.69%,ID
16067,78.61%,ID
16001,78.53%,ID
16003,78.53%,ID
16075,78.30%,ID
16045,78.23%,ID
16027,78.16%,ID
16015,77.95%,ID
16031,77.61%,ID
16081,77.22%,ID
16065,76.85%,ID
16011,76.46%,ID
16019,75.68%,ID
16077,75.57%,ID
16005,75.36%,ID
16029,75.12%,ID
16007,74.61%,ID
16041,73.51%,ID
16071,73.38%,ID
17083,82.82%,IL
17131,82.79%,IL
17161,82.54%,IL
17013,81.99%,IL
17029,81.83%,IL
17085,81.49%,IL
17071,81.43%,IL
17061,81.38%,IL
17117,81.29%,IL
17187,81.10%,IL
17139,81.01%,IL
17167,81.00%,IL
17041,81.00%,IL
17005,80.97%,IL
17051,80.92%,IL
17035,80.84%,IL
17169,80.82%,IL
17149,80.81%,IL
17049,80.66%,IL
17173,80.61%,IL
17017,80.59%,IL
17129,80.46%,IL
17079,80.44%,IL
17073,80.44%,IL
17111,80.44%,IL
17147,80.41%,IL
17021,80.40%,IL
17009,80.32%,IL
17119,80.31%,IL
17023,80.22%,IL
17137,80.14%,IL
17125,80.14%,IL
17115,80.14%,IL
17057,80.13%,IL
17033,79.88%,IL
17001,79.81%,IL
17179,79.74%,IL
17107,79.67%,IL
17171,79.67%,IL
17045,79.66%,IL
17015,79.51%,IL
17067,79.50%,IL
17027,79.46%,IL
17133,79.43%,IL
17135,79.38%,IL
17095,79.30%,IL
17195,79.26%,IL
17019,79.02%,IL
17025,78.82%,IL
17143,78.81%,IL
17175,78.55%,IL
17121,78.51%,IL
17101,78.40%,IL
17003,78.33%,IL
17159,77.99%,IL
17011,77.86%,IL
17185,77.76%,IL
17203,77.76%,IL
17181,77.67%,IL
17177,77.65%,IL
17077,77.49%,IL
17189,77.31%,IL
17081,77.29%,IL
17157,77.15%,IL
17153,77.10%,IL
17191,77.00%,IL
17123,76.89%,IL
17155,76.60%,IL
17127,76.58%,IL
17069,76.47%,IL
17103,76.31%,IL
17047,76.31%,IL
17151,76.29%,IL
17141,76.25%,IL
17065,76.23%,IL
17105,76.22%,IL
17087,76.08%,IL
17145,75.88%,IL
17055,75.84%,IL
17199,75.66%,IL
17193,75.52%,IL
17195,75.52%,IL
17201,75.17%,IL
17183,75.11%,IL
17165,74.93%,IL
17053,74.82%,IL
17075,74.79%,IL
17007,74.73%,IL
17059,74.67%,IL
17099,73.53%,IL
17091,73.06%,IL
17031,72.19%,IL
17089,72.14%,IL
17097,71.50%,IL
17063,71.06%,IL
17093,70.44%,IL
17197,70.43%,IL
17199,70.43%,IL
18151,81.38%,IN
18033,80.81%,IN
18119,80.30%,IN
18153,79.85%,IN
18003,79.84%,IN
18167,79.79%,IN
18117,79.69%,IN
18021,79.69%,IN
18025,79.56%,IN
18027,79.46%,IN
18175,79.38%,IN
18101,79.27%,IN
18093,79.16%,IN
18143,78.94%,IN
18123,78.93%,IN
18113,78.89%,IN
18037,78.85%,IN
18125,78.75%,IN
18071,78.71%,IN
18055,78.65%,IN
18019,78.62%,IN
18083,78.57%,IN
18105,78.51%,IN
18013,78.49%,IN
18121,78.49%,IN
18133,78.47%,IN
18061,78.43%,IN
18147,78.37%,IN
18135,78.29%,IN
18173,78.26%,IN
18165,78.12%,IN
18043,77.99%,IN
18109,77.89%,IN
18051,77.77%,IN
18155,77.51%,IN
18077,77.49%,IN
18129,77.34%,IN
18079,77.21%,IN
18005,77.16%,IN
18163,77.12%,IN
18177,76.99%,IN
18001,76.94%,IN
18115,76.88%,IN
18081,76.83%,IN
18179,76.73%,IN
18065,76.59%,IN
18035,76.46%,IN
18145,76.40%,IN
18041,76.35%,IN
18009,76.18%,IN
18029,76.16%,IN
18075,76.10%,IN
18059,76.10%,IN
18139,76.05%,IN
18183,76.05%,IN
18031,76.03%,IN
18161,76.01%,IN
18069,75.99%,IN
18063,75.97%,IN
18095,75.93%,IN
18137,75.84%,IN
18097,75.82%,IN
18045,75.72%,IN
18057,75.60%,IN
18159,75.10%,IN
18171,75.08%,IN
18047,74.98%,IN
18107,74.84%,IN
18011,74.80%,IN
18053,74.47%,IN
18067,74.28%,IN
18023,74.26%,IN
18007,73.94%,IN
18103,73.29%,IN
18157,72.65%,IN
18015,72.62%,IN
18169,72.39%,IN
18111,71.95%,IN
18017,71.86%,IN
18039,71.42%,IN
18141,71.03%,IN
18085,70.74%,IN
18181,70.73%,IN
18073,70.06%,IN
18049,68.71%,IN
18131,68.24%,IN
18089,67.99%,IN
18099,67.55%,IN
18149,66.77%,IN
18091,65.44%,IN
18127,63.65%,IN
19103,86.12%,IA
19095,85.34%,IA
19183,85.26%,IA
19139,85.18%,IA
19115,85.12%,IA
19031,85.04%,IA
19113,84.88%,IA
19105,84.40%,IA
19017,84.33%,IA
19065,84.20%,IA
19107,83.90%,IA
19087,83.81%,IA
19061,83.75%,IA
19013,83.73%,IA
19055,83.61%,IA
19019,83.53%,IA
19081,83.46%,IA
19063,83.45%,IA
19033,83.43%,IA
19109,83.37%,IA
19037,83.31%,IA
19011,83.23%,IA
19057,83.19%,IA
19147,83.11%,IA
19101,82.89%,IA
19067,82.84%,IA
19069,82.82%,IA
19023,82.73%,IA
19157,82.70%,IA
19137,82.70%,IA
19189,82.66%,IA
19151,82.65%,IA
19091,82.61%,IA
19163,82.60%,IA
19079,82.59%,IA
19171,82.56%,IA
19043,82.54%,IA
19131,82.47%,IA
19169,82.28%,IA
19015,82.26%,IA
19143,82.25%,IA
19191,82.22%,IA
19041,82.17%,IA
19043,82.17%,IA
19097,82.14%,IA
19197,82.14%,IA
19009,82.14%,IA
19045,82.13%,IA
19179,82.06%,IA
19075,82.06%,IA
19083,81.99%,IA
19195,81.97%,IA
19145,81.96%,IA
19021,81.94%,IA
19187,81.91%,IA
19029,81.70%,IA
19071,81.68%,IA
19059,81.67%,IA
19127,81.66%,IA
19177,81.65%,IA
19073,81.62%,IA
19035,81.61%,IA
19123,81.60%,IA
19003,81.58%,IA
19167,81.52%,IA
19165,81.38%,IA
19089,81.36%,IA
19149,81.30%,IA
19093,81.28%,IA
19025,81.23%,IA
19085,81.21%,IA
19173,81.15%,IA
19129,81.09%,IA
19193,81.09%,IA
19161,81.06%,IA
19111,81.05%,IA
19155,80.92%,IA
19005,80.88%,IA
19119,80.82%,IA
19051,80.77%,IA
19047,80.75%,IA
19027,80.65%,IA
19133,80.36%,IA
19049,80.24%,IA
19153,80.22%,IA
19099,80.06%,IA
19159,79.99%,IA
19077,79.92%,IA
19125,79.71%,IA
19181,79.68%,IA
19117,79.65%,IA
19001,79.61%,IA
19175,79.55%,IA
19135,79.17%,IA
19121,79.08%,IA
19039,79.04%,IA
19053,78.75%,IA
19007,78.48%,IA
19185,78.47%,IA
20023,82.98%,KS
20045,82.59%,KS
20059,82.56%,KS
20177,82.30%,KS
20087,82.05%,KS
20181,81.68%,KS
20091,81.58%,KS
20153,81.38%,KS
20139,81.34%,KS
20103,81.21%,KS
20193,81.10%,KS
20209,81.05%,KS
20085,80.93%,KS
20199,80.75%,KS
20077,80.67%,KS
20191,80.59%,KS
20005,80.57%,KS
20109,80.51%,KS
20111,80.45%,KS
20117,80.41%,KS
20007,80.35%,KS
20033,80.31%,KS
20131,80.28%,KS
20201,80.23%,KS
20051,80.13%,KS
20151,80.10%,KS
20185,80.08%,KS
20015,79.98%,KS
20145,79.97%,KS
20195,79.96%,KS
20165,79.90%,KS
20095,79.89%,KS
20173,79.87%,KS
20043,79.86%,KS
20073,79.84%,KS
20057,79.77%,KS
20149,79.74%,KS
20027,79.74%,KS
20157,79.69%,KS
20013,79.68%,KS
20063,79.61%,KS
20017,79.58%,KS
20197,79.55%,KS
20035,79.43%,KS
20097,79.35%,KS
20047,79.32%,KS
20031,79.30%,KS
20135,79.26%,KS
20155,79.25%,KS
20159,79.24%,KS
20115,79.24%,KS
20049,79.16%,KS
20009,79.16%,KS
20105,79.14%,KS
20079,79.13%,KS
20121,79.11%,KS
20003,79.09%,KS
20083,79.06%,KS
20025,79.03%,KS
20053,78.84%,KS
20141,78.73%,KS
20179,78.69%,KS
20029,78.69%,KS
20203,78.67%,KS
20163,78.57%,KS
20065,78.55%,KS
20127,78.53%,KS
20143,78.51%,KS
20167,78.51%,KS
20019,78.37%,KS
20175,78.28%,KS
20119,78.25%,KS
20041,78.12%,KS
20039,78.09%,KS
20161,77.94%,KS
20101,77.85%,KS
20001,77.84%,KS
20071,77.81%,KS
20107,77.80%,KS
20061,77.74%,KS
20069,77.61%,KS
20169,77.53%,KS
20089,77.51%,KS
20133,77.42%,KS
20123,77.21%,KS
20207,77.11%,KS
20137,76.98%,KS
20183,76.94%,KS
20055,76.75%,KS
20205,76.63%,KS
20171,76.63%,KS
20037,76.58%,KS
20125,76.47%,KS
20081,76.46%,KS
20011,76.18%,KS
20147,75.95%,KS
20021,75.77%,KS
20099,75.65%,KS
20189,74.31%,KS
20067,74.18%,KS
20093,74.10%,KS
20075,73.07%,KS
20129,71.90%,KS
20187,71.82%,KS
21161,81.78%,KY
21089,81.55%,KY
21023,81.54%,KY
21135,80.88%,KY
21201,80.81%,KY
21043,80.78%,KY
21097,80.51%,KY
21069,80.35%,KY
21191,80.30%,KY
21019,80.10%,KY
21037,80.08%,KY
21063,79.69%,KY
21081,79.32%,KY
21077,79.28%,KY
21187,79.23%,KY
21181,79.08%,KY
21153,79.00%,KY
21205,78.94%,KY
21175,78.94%,KY
21127,78.89%,KY
21117,78.65%,KY
21209,78.63%,KY
21017,78.63%,KY
21115,78.53%,KY
21071,78.51%,KY
21011,78.42%,KY
21195,78.42%,KY
21185,78.20%,KY
21165,78.20%,KY
21103,78.16%,KY
21027,78.16%,KY
21111,78.14%,KY
21091,78.14%,KY
21223,78.05%,KY
21163,77.95%,KY
21073,77.94%,KY
21025,77.90%,KY
21143,77.77%,KY
21237,77.76%,KY
21129,77.47%,KY
21173,77.45%,KY
21029,77.43%,KY
21007,77.41%,KY
21159,77.41%,KY
21041,77.38%,KY
21101,77.35%,KY
21067,77.28%,KY
21119,77.27%,KY
21015,77.26%,KY
21193,77.04%,KY
21183,77.03%,KY
21093,76.99%,KY
21139,76.96%,KY
21211,76.95%,KY
21033,76.94%,KY
21005,76.92%,KY
21039,76.91%,KY
21239,76.87%,KY
21059,76.83%,KY
21157,76.74%,KY
21197,76.73%,KY
21233,76.63%,KY
21055,76.57%,KY
21221,76.44%,KY
21085,76.36%,KY
21215,76.32%,KY
21035,76.24%,KY
21133,76.15%,KY
21225,76.03%,KY
21049,75.97%,KY
21075,75.90%,KY
21167,75.90%,KY
21131,75.67%,KY
21189,75.47%,KY
21107,75.37%,KY
21123,75.32%,KY
21095,75.02%,KY
21105,74.94%,KY
21047,74.87%,KY
21031,74.84%,KY
21065,74.81%,KY
21013,74.79%,KY
21179,74.73%,KY
21113,74.73%,KY
21083,74.71%,KY
21229,74.59%,KY
21099,74.53%,KY
21177,74.53%,KY
21121,74.23%,KY
21061,74.01%,KY
21051,73.99%,KY
21235,73.66%,KY
21109,73.62%,KY
21151,73.60%,KY
21021,73.24%,KY
21219,73.24%,KY
21125,73.17%,KY
21155,73.00%,KY
21079,72.79%,KY
21203,72.02%,KY
21137,71.87%,KY
21227,71.78%,KY
21141,71.74%,KY
21199,71.72%,KY
21087,71.54%,KY
21089,71.54%,KY
21045,71.51%,KY
21217,71.13%,KY
21009,70.66%,KY
21213,70.20%,KY
21001,69.98%,KY
21003,69.90%,KY
21169,69.71%,KY
21231,69.21%,KY
21053,69.00%,KY
21207,68.56%,KY
21057,68.32%,KY
21171,67.73%,KY
22029,78.82%,LA
22025,78.73%,LA
22125,78.64%,LA
22045,78.56%,LA
22057,78.40%,LA
22007,78.31%,LA
22021,78.29%,LA
22105,78.27%,LA
22109,78.10%,LA
22077,78.08%,LA
22063,77.74%,LA
22009,77.70%,LA
22037,77.50%,LA
22059,77.41%,LA
22041,77.36%,LA
22033,77.21%,LA
22121,77.14%,LA
22005,76.95%,LA
22047,76.72%,LA
22117,76.72%,LA
22083,76.56%,LA
22107,76.52%,LA
22067,76.45%,LA
22075,76.33%,LA
22123,76.22%,LA
22035,76.19%,LA
22065,76.17%,LA
22051,76.13%,LA
22053,76.13%,LA
22127,75.81%,LA
22061,75.56%,LA
22073,75.30%,LA
22049,75.12%,LA
22027,74.96%,LA
22013,74.88%,LA
22119,74.76%,LA
22079,74.74%,LA
22085,74.58%,LA
22043,74.54%,LA
22081,74.54%,LA
22111,74.54%,LA
22069,74.28%,LA
22055,74.18%,LA
22019,74.13%,LA
22017,74.05%,LA
22023,73.73%,LA
22003,73.68%,LA
22011,73.58%,LA
22031,73.55%,LA
22015,73.35%,LA
22071,73.22%,LA
22039,73.16%,LA
22115,73.04%,LA
22001,70.90%,LA
22113,70.69%,LA
22053,69.73%,LA
23019,85.48%,ME
23029,84.82%,ME
23027,84.47%,ME
23021,83.10%,ME
23025,83.04%,ME
23011,82.85%,ME
23007,81.37%,ME
23015,80.97%,ME
23023,80.59%,ME
23009,79.77%,ME
23017,79.54%,ME
23003,79.52%,ME
23013,78.11%,ME
23031,77.59%,ME
23001,77.38%,ME
23005,72.72%,ME
24047,82.76%,MD
24017,79.93%,MD
24045,78.65%,MD
24009,77.19%,MD
24039,77.04%,MD
24021,76.88%,MD
24019,76.77%,MD
24043,75.92%,MD
24031,75.38%,MD
24001,75.20%,MD
24033,75.00%,MD
24041,73.47%,MD
24013,73.40%,MD
24003,73.34%,MD
24015,73.15%,MD
24011,73.09%,MD
24035,72.95%,MD
24025,72.29%,MD
24023,72.18%,MD
24005,71.54%,MD
24510,71.54%,MD
24029,71.25%,MD
24027,71.04%,MD
24510,70.28%,MD
25019,84.93%,MA
25001,81.41%,MA
25007,80.66%,MA
25023,79.30%,MA
25027,78.90%,MA
25005,78.81%,MA
25009,77.24%,MA
25013,76.95%,MA
25011,76.56%,MA
25015,75.03%,MA
25003,73.35%,MA
25021,71.44%,MA
25017,71.31%,MA
25025,69.80%,MA
26039,81.92%,MI
26025,80.90%,MI
26045,80.84%,MI
26087,80.78%,MI
26143,80.74%,MI
26033,79.85%,MI
26013,79.40%,MI
26113,79.27%,MI
26063,78.88%,MI
26037,78.83%,MI
26065,78.73%,MI
26095,78.71%,MI
26059,78.66%,MI
26069,78.44%,MI
26067,78.20%,MI
26023,78.16%,MI
26075,77.96%,MI
26103,77.83%,MI
26043,77.67%,MI
26115,77.63%,MI
26015,77.41%,MI
26135,77.37%,MI
26091,77.00%,MI
26071,76.63%,MI
26129,76.47%,MI
26057,76.42%,MI
26089,76.39%,MI
26145,76.38%,MI
26047,76.35%,MI
26157,76.14%,MI
26035,76.12%,MI
26049,76.06%,MI
26079,75.96%,MI
26007,75.96%,MI
26099,75.85%,MI
26001,75.74%,MI
26155,75.50%,MI
26119,75.43%,MI
26093,75.02%,MI
26081,74.96%,MI
26077,74.95%,MI
26137,74.92%,MI
26003,74.88%,MI
26109,74.73%,MI
26053,74.05%,MI
26123,73.99%,MI
26161,73.96%,MI
26125,73.93%,MI
26117,73.85%,MI
26111,73.76%,MI
26107,73.49%,MI
26105,73.30%,MI
26133,73.27%,MI
26055,73.21%,MI
26073,73.18%,MI
26051,73.13%,MI
26011,72.87%,MI
26019,72.42%,MI
26083,72.42%,MI
26141,72.16%,MI
26151,72.15%,MI
26029,71.74%,MI
26163,71.61%,MI
26061,71.58%,MI
26101,71.21%,MI
26041,71.12%,MI
26027,71.05%,MI
26159,70.61%,MI
26139,70.50%,MI
26165,70.36%,MI
26017,70.00%,MI
26097,69.82%,MI
26085,69.74%,MI
26021,68.48%,MI
26153,68.28%,MI
26121,68.25%,MI
26131,67.94%,MI
26005,67.46%,MI
26009,67.18%,MI
26031,66.76%,MI
26127,66.10%,MI
27097,86.07%,MN
27145,85.29%,MN
27153,85.18%,MN
27067,84.74%,MN
27093,84.51%,MN
27121,84.43%,MN
27035,84.34%,MN
27041,84.26%,MN
27009,84.15%,MN
27021,83.80%,MN
27129,83.69%,MN
27057,83.68%,MN
27127,83.61%,MN
27063,83.61%,MN
27033,83.31%,MN
27165,83.25%,MN
27071,83.20%,MN
27007,83.18%,MN
27015,83.17%,MN
27159,83.16%,MN
27023,83.03%,MN
27091,82.80%,MN
27103,82.78%,MN
27151,82.56%,MN
27061,82.42%,MN
27143,82.23%,MN
27047,82.21%,MN
27043,82.18%,MN
27095,82.08%,MN
27173,82.06%,MN
27111,81.95%,MN
27101,81.92%,MN
27141,81.90%,MN
27013,81.88%,MN
27161,81.79%,MN
27171,81.78%,MN
27087,81.75%,MN
27029,81.69%,MN
27119,81.65%,MN
27149,81.62%,MN
27051,81.60%,MN
27099,81.53%,MN
27105,81.51%,MN
27083,81.46%,MN
27107,81.38%,MN
27027,81.14%,MN
27011,81.11%,MN
27117,81.11%,MN
27005,81.10%,MN
27125,81.04%,MN
27133,80.96%,MN
27089,80.93%,MN
27135,80.88%,MN
27113,80.75%,MN
27045,80.52%,MN
27147,80.51%,MN
27019,80.49%,MN
27155,80.39%,MN
27079,80.30%,MN
27081,80.02%,MN
27039,79.88%,MN
27109,79.87%,MN
27169,79.84%,MN
27055,79.83%,MN
27059,79.60%,MN
27065,79.52%,MN
27167,79.25%,MN
27053,79.09%,MN
27003,79.07%,MN
27157,78.89%,MN
27131,78.88%,MN
27115,78.50%,MN
27139,78.46%,MN
27069,78.44%,MN
27001,78.33%,MN
27025,77.74%,MN
27123,77.45%,MN
27163,77.30%,MN
27037,76.57%,MN
27049,76.34%,MN
27075,75.09%,MN
27077,75.09%,MN
27125,75.09%,MN
27017,74.85%,MN
27031,73.67%,MN
28137,79.44%,MS
28093,79.26%,MS
28001,79.15%,MS
28157,79.06%,MS
28005,78.98%,MS
28037,78.75%,MS
28147,78.69%,MS
28063,78.45%,MS
28065,78.45%,MS
28045,78.15%,MS
28071,78.07%,MS
28115,77.90%,MS
28113,77.84%,MS
28009,77.81%,MS
28145,77.72%,MS
28107,77.62%,MS
28085,77.57%,MS
28013,77.54%,MS
28139,77.46%,MS
28081,77.45%,MS
28057,77.16%,MS
28143,77.13%,MS
28161,76.90%,MS
28029,76.76%,MS
28021,76.72%,MS
28065,76.71%,MS
28091,76.66%,MS
28119,76.52%,MS
28003,76.51%,MS
28017,76.44%,MS
28135,76.40%,MS
28125,76.37%,MS
28077,76.33%,MS
28025,76.31%,MS
28131,76.28%,MS
28055,76.24%,MS
28095,76.18%,MS
28087,76.16%,MS
28109,75.99%,MS
28031,75.98%,MS
28117,75.97%,MS
28127,75.96%,MS
28103,75.96%,MS
28141,75.92%,MS
28027,75.89%,MS
28149,75.80%,MS
28043,75.78%,MS
28049,75.64%,MS
28073,75.38%,MS
28151,75.34%,MS
28067,75.23%,MS
28111,75.18%,MS
28047,75.14%,MS
28105,74.97%,MS
28129,74.94%,MS
28053,74.79%,MS
28011,74.79%,MS
28069,74.78%,MS
28075,74.66%,MS
28153,74.59%,MS
28133,74.55%,MS
28121,74.39%,MS
28035,74.26%,MS
28083,74.26%,MS
28123,74.22%,MS
28061,73.87%,MS
28089,73.79%,MS
28023,73.66%,MS
28097,73.65%,MS
28155,73.61%,MS
28015,73.57%,MS
28163,73.51%,MS
28007,73.41%,MS
28101,73.27%,MS
28041,73.14%,MS
28051,73.07%,MS
28019,73.02%,MS
28039,72.97%,MS
28159,72.86%,MS
28079,72.85%,MS
28099,72.81%,MS
28059,72.55%,MS
29163,82.16%,MO
29113,81.58%,MO
29223,81.32%,MO
29219,80.93%,MO
29165,80.85%,MO
29017,80.45%,MO
29047,80.43%,MO
29069,80.42%,MO
29139,80.41%,MO
29049,80.19%,MO
29227,80.14%,MO
29031,80.10%,MO
29021,80.05%,MO
29173,79.90%,MO
29199,79.87%,MO
29095,79.65%,MO
29155,79.56%,MO
29127,79.54%,MO
29147,79.48%,MO
29151,79.39%,MO
29045,79.35%,MO
29075,79.23%,MO
29027,79.13%,MO
29003,79.06%,MO
29005,78.90%,MO
29157,78.76%,MO
29123,78.75%,MO
29207,78.75%,MO
29177,78.74%,MO
29197,78.73%,MO
29025,78.73%,MO
29023,78.67%,MO
29101,78.50%,MO
29073,78.50%,MO
29201,78.50%,MO
29081,78.42%,MO
29007,78.39%,MO
29087,78.38%,MO
29161,78.32%,MO
29037,78.30%,MO
29117,78.26%,MO
29071,78.26%,MO
29111,78.21%,MO
29181,78.14%,MO
29107,78.05%,MO
29137,78.00%,MO
29061,77.93%,MO
29065,77.91%,MO
29143,77.90%,MO
29089,77.77%,MO
29175,77.74%,MO
29079,77.68%,MO
29129,77.64%,MO
29205,77.63%,MO
29133,77.63%,MO
29051,77.62%,MO
29179,77.59%,MO
29211,77.55%,MO
29103,77.51%,MO
29125,77.44%,MO
29019,77.42%,MO
29083,77.40%,MO
29131,77.28%,MO
29033,77.24%,MO
29035,77.21%,MO
29099,77.21%,MO
29171,77.20%,MO
29055,77.14%,MO
29001,77.08%,MO
29169,77.02%,MO
29015,77.02%,MO
29215,77.00%,MO
29195,76.85%,MO
29115,76.84%,MO
29041,76.78%,MO
29013,76.75%,MO
29141,76.54%,MO
29159,76.53%,MO
29213,76.52%,MO
29029,76.46%,MO
29203,76.45%,MO
29121,76.44%,MO
29153,76.44%,MO
29105,76.42%,MO
29091,76.36%,MO
29135,76.34%,MO
29221,76.22%,MO
29093,76.09%,MO
29059,75.98%,MO
29053,75.95%,MO
29085,75.88%,MO
29039,75.87%,MO
29217,75.86%,MO
29011,75.69%,MO
29067,75.51%,MO
29229,75.41%,MO
29149,75.28%,MO
29009,75.21%,MO
29057,75.16%,MO
29043,75.15%,MO
29209,75.14%,MO
29167,75.05%,MO
29077,74.51%,MO
29225,74.47%,MO
29097,74.44%,MO
29145,74.27%,MO
29109,74.21%,MO
30081,84.62%,MT
30039,84.51%,MT
30063,84.21%,MT
30061,84.03%,MT
30083,83.59%,MT
30077,83.47%,MT
30023,83.41%,MT
30093,83.36%,MT
30001,83.08%,MT
30057,82.46%,MT
30043,82.42%,MT
30085,82.07%,MT
30091,81.92%,MT
30019,81.61%,MT
30109,81.53%,MT
30007,81.43%,MT
30037,81.34%,MT
30105,81.34%,MT
30021,81.22%,MT
30071,81.16%,MT
30047,80.53%,MT
30089,80.47%,MT
30069,80.46%,MT
30099,80.14%,MT
30025,80.09%,MT
30067,79.97%,MT
30113,79.97%,MT
30097,79.88%,MT
30013,79.83%,MT
30009,79.74%,MT
30031,79.61%,MT
30075,79.58%,MT
30015,79.56%,MT
30035,79.32%,MT
30095,79.29%,MT
30011,79.21%,MT
30005,79.09%,MT
30073,79.00%,MT
30059,78.97%,MT
30041,78.81%,MT
30079,78.60%,MT
30053,78.56%,MT
30111,78.52%,MT
30113,78.52%,MT
30029,78.28%,MT
30103,78.12%,MT
30003,78.06%,MT
30065,77.83%,MT
30037,77.80%,MT
30101,77.64%,MT
30045,77.61%,MT
30033,77.53%,MT
30107,77.26%,MT
30027,77.25%,MT
30017,76.98%,MT
30051,76.38%,MT
30087,76.30%,MT
31029,83.11%,NE
31057,83.10%,NE
31031,83.08%,NE
31135,82.92%,NE
31085,82.26%,NE
31103,81.80%,NE
31087,81.79%,NE
31045,81.60%,NE
31063,81.59%,NE
31047,81.54%,NE
31161,81.42%,NE
31067,81.03%,NE
31111,80.77%,NE
31049,80.60%,NE
31151,80.55%,NE
31095,80.52%,NE
31165,80.49%,NE
31097,80.39%,NE
31073,80.28%,NE
31017,80.16%,NE
31133,80.12%,NE
31025,80.10%,NE
31153,80.09%,NE
31131,80.05%,NE
31055,79.96%,NE
31145,79.91%,NE
31091,79.86%,NE
31041,79.80%,NE
31019,79.70%,NE
31109,79.66%,NE
31127,79.65%,NE
31171,79.65%,NE
31113,79.53%,NE
31115,79.52%,NE
31059,79.43%,NE
31013,79.33%,NE
31003,79.32%,NE
31137,79.25%,NE
31077,79.24%,NE
31101,79.20%,NE
31169,79.17%,NE
31043,79.15%,NE
31035,79.13%,NE
31139,79.12%,NE
31147,79.06%,NE
31105,79.03%,NE
31075,78.71%,NE
31083,78.67%,NE
31183,78.64%,NE
31129,78.64%,NE
31071,78.59%,NE
31107,78.48%,NE
31001,78.43%,NE
31009,78.40%,NE
31173,78.26%,NE
31015,78.18%,NE
31007,78.16%,NE
31175,78.15%,NE
31033,78.00%,NE
31027,77.97%,NE
31177,77.96%,NE
31065,77.91%,NE
31089,77.83%,NE
31099,77.79%,NE
31051,77.75%,NE
31021,77.72%,NE
31119,77.68%,NE
31149,77.67%,NE
31079,77.66%,NE
31061,77.66%,NE
31069,77.60%,NE
31011,77.60%,NE
31123,77.58%,NE
31163,77.54%,NE
31157,77.47%,NE
31179,77.46%,NE
31093,77.41%,NE
31185,77.31%,NE
31005,77.20%,NE
31155,77.16%,NE
31181,77.00%,NE
31159,77.00%,NE
31125,76.98%,NE
31167,76.61%,NE
31039,76.00%,NE
31081,75.96%,NE
31121,75.64%,NE
31143,75.20%,NE
31141,74.99%,NE
31023,73.58%,NE
31053,73.46%,NE
31037,72.91%,NE
32011,83.11%,NV
32015,83.02%,NV
32007,82.74%,NV
32013,82.41%,NV
32033,81.32%,NV
32023,81.09%,NV
32027,80.53%,NV
32009,80.17%,NV
32510,78.98%,NV
32001,78.86%,NV
32005,78.74%,NV
32031,77.93%,NV
32021,77.47%,NV
32029,77.26%,NV
32003,77.15%,NV
32019,76.71%,NV
32017,76.02%,NV
33013,84.61%,NH
33001,83.76%,NH
33003,83.11%,NH
33011,82.82%,NH
33015,82.76%,NH
33017,82.62%,NH
33009,82.31%,NH
33007,81.55%,NH
33019,80.88%,NH
33005,77.40%,NH
34001,81.11%,NJ
34009,79.40%,NJ
34005,77.52%,NJ
34041,76.49%,NJ
34029,76.07%,NJ
34019,75.63%,NJ
34021,74.06%,NJ
34035,73.43%,NJ
34023,73.29%,NJ
34025,72.53%,NJ
34011,72.50%,NJ
34037,72.10%,NJ
34007,70.23%,NJ
34031,70.04%,NJ
34027,68.92%,NJ
34003,67.99%,NJ
34039,66.87%,NJ
34033,66.66%,NJ
34013,65.62%,NJ
34017,65.46%,NJ
34015,64.09%,NJ
35033,80.38%,NM
35055,79.61%,NM
35039,79.48%,NM
35029,79.36%,NM
35023,79.30%,NM
35047,79.29%,NM
35017,78.44%,NM
35028,78.28%,NM
35007,78.05%,NM
35037,77.89%,NM
35045,77.55%,NM
35049,77.47%,NM
35019,77.44%,NM
35013,77.01%,NM
35043,76.92%,NM
35051,76.50%,NM
35059,76.32%,NM
35021,76.19%,NM
35003,75.95%,NM
35015,75.94%,NM
35035,75.78%,NM
35053,75.17%,NM
35001,74.83%,NM
35061,74.80%,NM
35006,74.79%,NM
35057,74.29%,NM
35025,73.57%,NM
35041,73.42%,NM
35011,73.33%,NM
35009,73.28%,NM
35005,73.26%,NM
35027,73.16%,NM
36103,83.65%,NY
36007,82.88%,NY
36107,81.23%,NY
36111,80.20%,NY
36053,79.99%,NY
36017,79.86%,NY
36015,79.80%,NY
36065,79.79%,NY
36079,79.67%,NY
36067,79.39%,NY
36029,79.34%,NY
36049,79.33%,NY
36045,79.33%,NY
36027,79.20%,NY
36109,79.02%,NY
36105,79.00%,NY
36025,78.99%,NY
36041,78.67%,NY
36043,78.46%,NY
36023,78.31%,NY
36039,78.17%,NY
36055,77.87%,NY
36077,77.83%,NY
36095,77.78%,NY
36121,77.74%,NY
36011,77.56%,NY
36059,77.53%,NY
36073,77.39%,NY
36003,77.27%,NY
36099,77.14%,NY
36069,77.01%,NY
36009,76.73%,NY
36037,76.69%,NY
36019,76.69%,NY
36093,76.34%,NY
36057,76.17%,NY
36097,76.00%,NY
36075,75.80%,NY
36123,75.77%,NY
36119,75.69%,NY
36101,75.68%,NY
36031,75.54%,NY
36071,75.48%,NY
36051,75.29%,NY
36013,75.20%,NY
36001,75.09%,NY
36035,74.74%,NY
36063,74.65%,NY
36113,74.30%,NY
36091,74.09%,NY
36117,73.97%,NY
36021,73.89%,NY
36115,73.86%,NY
36087,72.95%,NY
36083,72.77%,NY
36033,71.18%,NY
36085,68.28%,NY
36005,68.09%,NY
36061,66.34%,NY
36047,66.33%,NY
36081,65.49%,NY
37067,82.21%,NC
37059,82.11%,NC
37055,81.97%,NC
37197,81.51%,NC
37133,81.21%,NC
37061,81.04%,NC
37139,80.86%,NC
37081,80.54%,NC
37193,80.41%,NC
37157,80.23%,NC
37137,79.99%,NC
37031,79.97%,NC
37097,79.94%,NC
37019,79.82%,NC
37029,79.56%,NC
37141,79.56%,NC
37169,79.53%,NC
37155,79.21%,NC
37057,79.10%,NC
37005,79.09%,NC
37053,79.07%,NC
37003,79.07%,NC
37131,78.77%,NC
37145,78.73%,NC
37171,78.70%,NC
37073,78.61%,NC
37143,78.52%,NC
37173,78.43%,NC
37177,78.41%,NC
37101,78.36%,NC
37129,78.30%,NC
37135,78.20%,NC
37033,78.16%,NC
37009,78.15%,NC
37049,78.08%,NC
37159,77.96%,NC
37189,77.90%,NC
37035,77.77%,NC
37063,77.76%,NC
37103,77.71%,NC
37027,77.61%,NC
37011,77.61%,NC
37163,77.48%,NC
37185,77.39%,NC
37121,77.33%,NC
37047,77.25%,NC
37077,77.23%,NC
37013,77.18%,NC
37181,77.13%,NC
37025,77.10%,NC
37085,76.98%,NC
37083,76.88%,NC
37151,76.88%,NC
37199,76.69%,NC
37095,76.65%,NC
37001,76.64%,NC
37087,76.52%,NC
37051,76.31%,NC
37183,76.30%,NC
37021,76.25%,NC
37023,76.20%,NC
37017,76.17%,NC
37007,76.09%,NC
37099,76.07%,NC
37075,76.03%,NC
37167,75.74%,NC
37115,75.73%,NC
37109,75.73%,NC
37153,75.71%,NC
37039,75.63%,NC
37093,75.61%,NC
37127,75.56%,NC
37041,75.51%,NC
37037,75.47%,NC
37187,75.44%,NC
37113,75.34%,NC
37105,75.32%,NC
37043,75.31%,NC
37119,75.30%,NC
37091,75.21%,NC
37165,75.20%,NC
37071,75.16%,NC
37123,75.06%,NC
37179,74.95%,NC
37191,74.70%,NC
37069,74.64%,NC
37195,74.58%,NC
37107,74.37%,NC
37065,74.14%,NC
37125,73.99%,NC
37045,73.65%,NC
37089,73.33%,NC
37117,73.26%,NC
37161,73.08%,NC
37079,73.04%,NC
37175,72.99%,NC
37015,72.94%,NC
37149,71.55%,NC
37147,69.74%,NC
38105,84.21%,ND
38013,83.54%,ND
38035,83.27%,ND
38023,83.20%,ND
38075,83.14%,ND
38025,83.11%,ND
38061,82.56%,ND
38091,82.47%,ND
38101,82.10%,ND
38033,82.10%,ND
38007,82.10%,ND
38097,81.91%,ND
38099,81.76%,ND
38009,81.68%,ND
38089,81.67%,ND
38039,81.42%,ND
38019,81.33%,ND
38079,81.32%,ND
38057,81.27%,ND
38063,81.12%,ND
38021,81.06%,ND
38087,80.99%,ND
38085,80.97%,ND
38037,80.91%,ND
38095,80.80%,ND
38081,80.70%,ND
38041,80.67%,ND
38027,80.37%,ND
38011,80.37%,ND
38001,80.35%,ND
38029,80.33%,ND
38017,80.02%,ND
38031,80.01%,ND
38003,80.01%,ND
38073,80.00%,ND
38059,79.99%,ND
38047,79.65%,ND
38071,79.62%,ND
38065,79.47%,ND
38005,79.24%,ND
38077,79.21%,ND
38067,79.10%,ND
38015,78.74%,ND
38069,78.65%,ND
38093,78.50%,ND
38043,78.37%,ND
38083,77.86%,ND
38103,76.94%,ND
39015,82.23%,OH
39009,82.05%,OH
39167,82.04%,OH
39001,81.88%,OH
39115,81.62%,OH
39105,81.58%,OH
39087,81.42%,OH
39111,81.35%,OH
39081,81.29%,OH
39027,81.08%,OH
39071,81.00%,OH
39025,80.89%,OH
39085,80.85%,OH
39073,80.80%,OH
39121,80.77%,OH
39163,80.72%,OH
39013,80.66%,OH
39131,80.60%,OH
39035,80.58%,OH
39145,80.55%,OH
39047,80.41%,OH
39127,80.38%,OH
39067,80.35%,OH
39057,80.26%,OH
39165,80.20%,OH
39059,80.18%,OH
39141,80.05%,OH
39079,80.02%,OH
39053,79.77%,OH
39023,79.63%,OH
39129,79.47%,OH
39109,79.41%,OH
39097,79.40%,OH
39029,79.32%,OH
39119,79.30%,OH
39045,78.97%,OH
39113,78.93%,OH
39099,78.74%,OH
39103,78.55%,OH
39171,78.44%,OH
39161,78.41%,OH
39125,77.85%,OH
39021,77.76%,OH
39155,77.69%,OH
39037,77.63%,OH
39019,77.59%,OH
39089,77.54%,OH
39017,77.46%,OH
39049,77.46%,OH
39039,77.38%,OH
39083,77.37%,OH
39149,77.23%,OH
39135,77.23%,OH
39061,77.23%,OH
39093,77.15%,OH
39095,77.03%,OH
39051,76.85%,OH
39011,76.81%,OH
39007,76.79%,OH
39137,76.78%,OH
39069,76.47%,OH
39003,76.46%,OH
39107,76.33%,OH
39031,76.22%,OH
39041,76.15%,OH
39159,76.12%,OH
39133,76.07%,OH
39055,76.03%,OH
39173,75.94%,OH
39117,75.87%,OH
39139,75.74%,OH
39091,75.60%,OH
39123,75.56%,OH
39005,75.52%,OH
39153,75.44%,OH
39169,75.26%,OH
39065,75.24%,OH
39043,75.04%,OH
39157,74.89%,OH
39151,74.38%,OH
39143,74.36%,OH
39175,73.98%,OH
39063,73.73%,OH
39075,73.60%,OH
39101,73.54%,OH
39077,73.44%,OH
39033,73.26%,OH
39147,72.37%,OH
40053,80.46%,OK
40071,79.37%,OK
40003,79.24%,OK
40141,79.04%,OK
40057,79.01%,OK
40065,78.94%,OK
40059,78.84%,OK
40153,78.70%,OK
40129,78.69%,OK
40151,78.67%,OK
40075,78.28%,OK
40001,78.21%,OK
40007,78.17%,OK
40009,78.06%,OK
40055,78.02%,OK
40113,77.93%,OK
40149,77.76%,OK
40097,77.75%,OK
40121,77.65%,OK
40103,77.61%,OK
40021,77.61%,OK
40031,77.57%,OK
40093,77.53%,OK
40043,77.53%,OK
40047,77.53%,OK
40127,77.35%,OK
40045,77.31%,OK
40131,77.24%,OK
40033,77.11%,OK
40039,77.01%,OK
40077,76.99%,OK
40079,76.99%,OK
40145,76.96%,OK
40073,76.95%,OK
40135,76.95%,OK
40015,76.94%,OK
40041,76.91%,OK
40147,76.78%,OK
40111,76.74%,OK
40143,76.68%,OK
40109,76.65%,OK
40083,76.64%,OK
40029,76.62%,OK
40013,76.62%,OK
40011,76.61%,OK
40023,76.57%,OK
40051,76.50%,OK
40017,76.49%,OK
40107,76.49%,OK
40027,76.43%,OK
40099,76.40%,OK
40005,76.37%,OK
40139,76.34%,OK
40049,76.32%,OK
40117,76.32%,OK
40063,76.18%,OK
40101,76.17%,OK
40137,76.17%,OK
40133,76.15%,OK
40119,76.14%,OK
40105,76.09%,OK
40035,76.05%,OK
40061,75.99%,OK
40069,75.97%,OK
40123,75.94%,OK
40037,75.87%,OK
40085,75.79%,OK
40095,75.73%,OK
40125,75.70%,OK
40081,75.63%,OK
40067,74.99%,OK
40115,74.91%,OK
40019,74.86%,OK
40025,72.58%,OK
41015,86.62%,OR
41063,83.63%,OR
41061,83.27%,OR
41039,83.22%,OR
41041,83.14%,OR
41057,82.84%,OR
41019,82.62%,OR
41001,82.60%,OR
41011,82.50%,OR
41029,82.41%,OR
41033,82.16%,OR
41007,81.97%,OR
41035,81.64%,OR
41003,80.85%,OR
41043,80.82%,OR
41045,80.53%,OR
41031,80.31%,OR
41053,80.04%,OR
41009,79.64%,OR
41055,79.61%,OR
41059,79.55%,OR
41047,79.46%,OR
41021,79.26%,OR
41017,78.93%,OR
41037,78.87%,OR
41013,78.72%,OR
41069,78.46%,OR
41049,78.32%,OR
41025,78.01%,OR
41065,77.89%,OR
41023,77.21%,OR
41005,76.90%,OR
41027,75.40%,OR
41051,75.07%,OR
41071,74.52%,OR
41067,73.99%,OR
42113,83.88%,PA
42037,83.72%,PA
42131,83.64%,PA
42079,83.11%,PA
42093,82.70%,PA
42115,82.60%,PA
42097,82.43%,PA
42015,82.24%,PA
42025,82.04%,PA
42081,81.93%,PA
42069,81.69%,PA
42107,81.64%,PA
42085,81.40%,PA
42127,81.17%,PA
42073,81.14%,PA
42041,81.03%,PA
42109,80.97%,PA
42005,80.82%,PA
42121,80.73%,PA
42099,80.39%,PA
42043,80.37%,PA
42001,80.13%,PA
42007,80.11%,PA
42089,80.10%,PA
42003,80.02%,PA
42119,79.96%,PA
42125,79.76%,PA
42039,79.54%,PA
42117,79.46%,PA
42063,79.34%,PA
42067,79.33%,PA
42019,79.18%,PA
42059,79.13%,PA
42095,79.09%,PA
42049,79.09%,PA
42133,79.04%,PA
42077,78.84%,PA
42009,78.69%,PA
42031,78.67%,PA
42055,78.60%,PA
42021,78.49%,PA
42075,78.46%,PA
42129,78.31%,PA
42013,78.07%,PA
42061,78.05%,PA
42087,78.02%,PA
42035,78.00%,PA
42111,77.73%,PA
42027,77.48%,PA
42033,77.40%,PA
42103,77.26%,PA
42011,77.22%,PA
42057,77.00%,PA
42053,76.73%,PA
42023,76.69%,PA
42051,76.53%,PA
42065,76.42%,PA
42123,76.14%,PA
42047,76.14%,PA
42071,75.58%,PA
42017,74.48%,PA
42105,74.47%,PA
42091,73.93%,PA
42029,73.55%,PA
42101,70.37%,PA
42045,68.44%,PA
44009,81.01%,RI
44003,78.12%,RI
44007,76.81%,RI
44001,76.27%,RI
44005,73.96%,RI
45043,81.47%,SC
45089,80.20%,SC
45027,79.92%,SC
45051,79.50%,SC
45085,79.45%,SC
45017,79.10%,SC
45061,78.56%,SC
45033,78.56%,SC
45009,78.49%,SC
45013,78.17%,SC
45075,78.11%,SC
45011,77.92%,SC
45055,77.69%,SC
45063,77.64%,SC
45003,77.53%,SC
45037,77.45%,SC
45081,77.22%,SC
45079,77.11%,SC
45069,77.11%,SC
45031,76.00%,SC
45067,75.90%,SC
45025,75.89%,SC
45041,75.89%,SC
45005,75.84%,SC
45039,75.40%,SC
45049,74.63%,SC
45029,74.45%,SC
45091,74.41%,SC
45071,74.34%,SC
45057,73.69%,SC
45047,73.59%,SC
45023,73.15%,SC
45025,73.15%,SC
45021,72.77%,SC
45073,72.64%,SC
45015,72.18%,SC
45035,72.00%,SC
45001,71.42%,SC
45087,71.10%,SC
45019,70.39%,SC
45053,70.25%,SC
45077,70.19%,SC
45083,69.95%,SC
45059,69.92%,SC
45007,69.44%,SC
45045,68.86%,SC
46095,85.57%,SD
46007,85.42%,SD
46071,85.01%,SD
46121,84.27%,SD
46075,83.74%,SD
46113,82.56%,SD
46045,82.51%,SD
46047,82.44%,SD
46059,82.34%,SD
46069,82.21%,SD
46055,81.92%,SD
46013,81.90%,SD
46049,81.76%,SD
46073,81.70%,SD
46123,81.59%,SD
46117,81.58%,SD
46085,81.55%,SD
46115,81.53%,SD
46033,81.52%,SD
46017,81.52%,SD
46005,81.26%,SD
46129,81.06%,SD
46015,81.05%,SD
46025,81.04%,SD
46137,80.93%,SD
46021,80.87%,SD
46081,80.81%,SD
46041,80.71%,SD
46127,80.63%,SD
46011,80.55%,SD
46031,80.41%,SD
46093,80.37%,SD
46065,80.36%,SD
46107,80.32%,SD
46003,80.23%,SD
46119,80.23%,SD
46029,80.15%,SD
46103,80.11%,SD
46051,80.03%,SD
46109,80.02%,SD
46101,80.00%,SD
46037,79.98%,SD
46053,79.87%,SD
46057,79.80%,SD
46019,79.80%,SD
46039,79.77%,SD
46079,79.76%,SD
46111,79.69%,SD
46099,79.51%,SD
46091,79.43%,SD
46027,79.39%,SD
46083,79.39%,SD
46009,79.19%,SD
46077,79.14%,SD
46023,79.01%,SD
46125,79.00%,SD
46135,78.87%,SD
46105,78.83%,SD
46097,78.76%,SD
46063,78.56%,SD
46061,78.52%,SD
46067,78.48%,SD
46043,78.29%,SD
46035,77.90%,SD
47167,79.86%,TN
47157,79.41%,TN
47097,79.22%,TN
47143,78.73%,TN
47155,78.41%,TN
47007,78.37%,TN
47047,78.15%,TN
47091,78.11%,TN
47121,78.08%,TN
47123,78.07%,TN
47069,77.69%,TN
47153,77.63%,TN
47035,77.60%,TN
47045,77.44%,TN
47075,77.40%,TN
47009,77.38%,TN
47105,77.26%,TN
47063,77.18%,TN
47019,77.17%,TN
47161,77.05%,TN
47135,77.03%,TN
47057,77.02%,TN
47095,77.00%,TN
47081,76.81%,TN
47089,76.75%,TN
47029,76.65%,TN
47039,76.58%,TN
47085,76.45%,TN
47185,76.43%,TN
47181,76.43%,TN
47011,76.42%,TN
47093,76.41%,TN
47145,76.25%,TN
47179,76.24%,TN
47005,76.17%,TN
47071,76.09%,TN
47083,76.05%,TN
47033,76.02%,TN
47163,76.00%,TN
47065,75.90%,TN
47101,75.84%,TN
47175,75.84%,TN
47115,75.71%,TN
47025,75.70%,TN
47177,75.58%,TN
47171,75.58%,TN
47061,75.52%,TN
47067,75.45%,TN
47077,75.30%,TN
47079,75.23%,TN
47001,75.20%,TN
47139,75.14%,TN
47059,75.08%,TN
47023,75.05%,TN
47131,74.96%,TN
47173,74.87%,TN
47017,74.87%,TN
47113,74.77%,TN
47053,74.74%,TN
47129,74.71%,TN
47141,74.71%,TN
47015,74.60%,TN
47043,74.48%,TN
47073,74.43%,TN
47183,74.36%,TN
47125,74.25%,TN
47099,74.23%,TN
47013,73.76%,TN
47051,73.28%,TN
47151,73.27%,TN
47031,73.18%,TN
47021,73.17%,TN
47103,73.09%,TN
47189,72.82%,TN
47159,72.81%,TN
47055,72.71%,TN
47133,72.58%,TN
47119,72.42%,TN
47149,72.23%,TN
47127,72.06%,TN
47147,72.00%,TN
47087,71.93%,TN
47049,71.70%,TN
47117,71.66%,TN
47003,71.58%,TN
47187,71.14%,TN
47165,70.47%,TN
47037,70.27%,TN
47111,70.07%,TN
47169,70.05%,TN
47137,69.74%,TN
47027,69.69%,TN
48061,82.28%,TX
48321,81.87%,TX
48247,81.82%,TX
48489,81.73%,TX
48261,81.35%,TX
48047,81.33%,TX
48215,81.16%,TX
48207,81.16%,TX
48253,80.80%,TX
48417,80.78%,TX
48175,80.68%,TX
48433,80.46%,TX
48039,80.40%,TX
48023,80.39%,TX
48239,80.39%,TX
48447,80.34%,TX
48503,80.29%,TX
48151,80.24%,TX
48427,80.20%,TX
48429,79.98%,TX
48469,79.95%,TX
48263,79.93%,TX
48123,79.86%,TX
48125,79.81%,TX
48007,79.72%,TX
48213,79.65%,TX
48497,79.56%,TX
48285,79.51%,TX
48275,79.49%,TX
48009,79.46%,TX
48087,79.46%,TX
48363,79.39%,TX
48391,79.33%,TX
48481,79.31%,TX
48367,79.25%,TX
48237,79.24%,TX
48239,79.24%,TX
48505,79.14%,TX
48269,79.08%,TX
48479,79.07%,TX
48075,79.06%,TX
48415,78.93%,TX
48187,78.90%,TX
48177,78.86%,TX
48353,78.85%,TX
48487,78.84%,TX
48245,78.83%,TX
48357,78.81%,TX
48393,78.80%,TX
48395,78.80%,TX
48101,78.71%,TX
48345,78.71%,TX
48191,78.70%,TX
48155,78.68%,TX
48291,78.66%,TX
48197,78.59%,TX
48439,78.58%,TX
48143,78.44%,TX
48221,78.43%,TX
48467,78.40%,TX
48257,78.37%,TX
48113,78.29%,TX
48209,78.27%,TX
48131,78.24%,TX
48255,78.22%,TX
48273,78.20%,TX
48033,78.14%,TX
48483,78.10%,TX
48227,78.08%,TX
48441,78.07%,TX
48141,78.07%,TX
48231,78.06%,TX
48077,78.05%,TX
48059,78.05%,TX
48425,78.05%,TX
48121,78.03%,TX
48485,78.01%,TX
48371,77.97%,TX
48173,77.97%,TX
48335,77.93%,TX
48211,77.88%,TX
48091,77.86%,TX
48431,77.85%,TX
48397,77.84%,TX
48057,77.78%,TX
48129,77.76%,TX
48179,77.76%,TX
48181,77.76%,TX
48071,77.72%,TX
48055,77.70%,TX
48475,77.66%,TX
48169,77.64%,TX
48081,77.52%,TX
48443,77.51%,TX
48317,77.50%,TX
48029,77.50%,TX
48107,77.49%,TX
48251,77.49%,TX
48167,77.41%,TX
48461,77.37%,TX
48133,77.37%,TX
48389,77.36%,TX
48341,77.31%,TX
48493,77.30%,TX
48283,77.28%,TX
48103,77.27%,TX
48139,77.27%,TX
48147,77.26%,TX
48001,77.24%,TX
48021,77.22%,TX
48379,77.21%,TX
48085,77.21%,TX
48087,77.21%,TX
48065,77.20%,TX
48407,77.14%,TX
48377,77.14%,TX
48223,77.11%,TX
48259,77.10%,TX
48383,77.05%,TX
48499,77.05%,TX
48093,77.03%,TX
48043,77.02%,TX
48337,77.01%,TX
48031,76.96%,TX
48329,76.94%,TX
48149,76.93%,TX
48495,76.92%,TX
48011,76.92%,TX
48235,76.88%,TX
48243,76.87%,TX
48399,76.87%,TX
48453,76.87%,TX
48233,76.85%,TX
48159,76.82%,TX
48135,76.81%,TX
48117,76.78%,TX
48423,76.78%,TX
48355,76.78%,TX
48205,76.77%,TX
48097,76.77%,TX
48025,76.72%,TX
48045,76.70%,TX
48451,76.69%,TX
48153,76.69%,TX
48183,76.68%,TX
48115,76.65%,TX
48019,76.59%,TX
48199,76.59%,TX
48459,76.57%,TX
48083,76.56%,TX
48277,76.55%,TX
48109,76.52%,TX
48297,76.51%,TX
48323,76.45%,TX
48295,76.45%,TX
48105,76.44%,TX
48325,76.43%,TX
48387,76.43%,TX
48349,76.39%,TX
48013,76.39%,TX
48359,76.38%,TX
48195,76.35%,TX
48217,76.33%,TX
48229,76.28%,TX
48301,76.26%,TX
48119,76.26%,TX
48375,76.23%,TX
48161,76.20%,TX
48463,76.18%,TX
48181,76.17%,TX
48465,76.15%,TX
48117,76.15%,TX
48005,76.13%,TX
48063,76.12%,TX
48073,76.09%,TX
48305,76.06%,TX
48203,76.06%,TX
48293,75.98%,TX
48457,75.97%,TX
48347,75.96%,TX
48507,75.89%,TX
48249,75.88%,TX
48095,75.88%,TX
48409,75.87%,TX
48361,75.86%,TX
48089,75.85%,TX
48127,75.83%,TX
48333,75.79%,TX
48035,75.79%,TX
48099,75.74%,TX
48455,75.74%,TX
48193,75.67%,TX
48111,75.65%,TX
48271,75.64%,TX
48049,75.56%,TX
48303,75.54%,TX
48281,75.52%,TX
48027,75.42%,TX
48189,75.42%,TX
48265,75.41%,TX
48385,75.39%,TX
48491,75.31%,TX
48381,75.26%,TX
48315,75.26%,TX
48163,75.21%,TX
48219,75.14%,TX
48003,75.09%,TX
48289,75.08%,TX
48225,75.05%,TX
48401,75.05%,TX
48327,75.04%,TX
48449,75.04%,TX
48137,75.02%,TX
48287,75.01%,TX
48365,74.91%,TX
48413,74.90%,TX
48435,74.88%,TX
48421,74.86%,TX
48319,74.77%,TX
48437,74.77%,TX
48445,74.73%,TX
48331,74.71%,TX
48053,74.68%,TX
48405,74.67%,TX
48145,74.67%,TX
48411,74.56%,TX
48419,74.51%,TX
48267,74.51%,TX
48373,74.50%,TX
48339,74.48%,TX
48171,74.46%,TX
48051,74.43%,TX
48471,74.33%,TX
48343,74.31%,TX
48165,74.27%,TX
48279,74.25%,TX
48241,74.16%,TX
48369,74.15%,TX
48403,74.14%,TX
48201,74.11%,TX
48203,74.11%,TX
48017,74.04%,TX
48079,73.92%,TX
48067,73.92%,TX
48299,73.83%,TX
48069,73.67%,TX
48313,73.63%,TX
48477,73.58%,TX
48501,73.26%,TX
48157,73.17%,TX
48015,73.14%,TX
48395,73.07%,TX
48473,72.82%,TX
48351,72.67%,TX
48185,72.57%,TX
48041,72.54%,TX
48037,72.52%,TX
49009,79.86%,UT
49017,78.56%,UT
49025,78.20%,UT
49013,77.86%,UT
49047,77.47%,UT
49019,77.16%,UT
49007,76.91%,UT
49043,76.86%,UT
49045,76.61%,UT
49053,76.48%,UT
49027,75.55%,UT
49033,75.45%,UT
49015,75.08%,UT
49003,75.01%,UT
49051,74.79%,UT
49029,74.73%,UT
49057,74.52%,UT
49037,74.40%,UT
49039,74.36%,UT
49035,74.30%,UT
49023,74.13%,UT
49055,74.09%,UT
49031,73.99%,UT
49011,73.84%,UT
49021,73.81%,UT
49041,73.56%,UT
49001,73.26%,UT
49005,73.06%,UT
49049,72.55%,UT
50005,79.95%,VT
50017,78.51%,VT
50027,78.47%,VT
50009,78.44%,VT
50019,78.38%,VT
50025,77.45%,VT
50013,77.02%,VT
50023,76.48%,VT
50015,76.15%,VT
50003,76.10%,VT
50011,75.09%,VT
50007,74.84%,VT
50001,74.17%,VT
50021,74.17%,VT
51193,81.91%,VA
51099,81.38%,VA
51159,80.80%,VA
51760,80.80%,VA
51179,80.72%,VA
51143,80.64%,VA
51131,80.63%,VA
51630,80.18%,VA
51033,80.10%,VA
51067,80.04%,VA
51620,80.04%,VA
51057,79.72%,VA
51115,79.55%,VA
51077,79.54%,VA
51197,79.44%,VA
51685,79.27%,VA
51119,79.22%,VA
51019,79.13%,VA
51515,79.13%,VA
51177,79.09%,VA
51103,78.99%,VA
51153,78.97%,VA
51683,78.91%,VA
51690,78.86%,VA
51073,78.85%,VA
51640,78.75%,VA
51590,78.56%,VA
51770,78.53%,VA
51137,78.47%,VA
51061,78.44%,VA
51047,78.38%,VA
51021,78.35%,VA
51053,78.32%,VA
51185,78.32%,VA
51031,78.25%,VA
51139,78.21%,VA
51600,78.16%,VA
51059,78.13%,VA
51600,78.13%,VA
51089,78.04%,VA
51113,78.03%,VA
51173,77.99%,VA
51775,77.97%,VA
51013,77.93%,VA
51610,77.90%,VA
51035,77.90%,VA
51083,77.89%,VA
51043,77.73%,VA
51157,77.65%,VA
51191,77.61%,VA
51081,77.54%,VA
51620,77.41%,VA
51133,77.41%,VA
51730,77.40%,VA
51125,77.35%,VA
51149,77.26%,VA
51510,77.25%,VA
51167,77.25%,VA
51680,77.22%,VA
51003,77.20%,VA
51009,77.12%,VA
51175,77.05%,VA
51199,77.04%,VA
51071,77.03%,VA
51800,76.95%,VA
51079,76.87%,VA
51820,76.73%,VA
51027,76.73%,VA
51171,76.69%,VA
51155,76.65%,VA
51165,76.64%,VA
51117,76.63%,VA
51051,76.61%,VA
51025,76.53%,VA
51187,76.51%,VA
51101,76.44%,VA
51540,76.32%,VA
51183,76.30%,VA
51520,76.29%,VA
51011,76.24%,VA
51660,76.21%,VA
51670,76.13%,VA
51840,76.12%,VA
51037,76.00%,VA
51540,76.00%,VA
51550,75.94%,VA
51023,75.86%,VA
51069,75.84%,VA
51630,75.84%,VA
51107,75.75%,VA
51530,75.73%,VA
51109,75.56%,VA
51161,75.52%,VA
51770,75.52%,VA
51750,75.47%,VA
51678,75.38%,VA
51195,75.37%,VA
51127,75.37%,VA
51087,75.19%,VA
51045,75.10%,VA
51141,75.05%,VA
51001,75.04%,VA
51720,75.03%,VA
51065,74.85%,VA
51169,74.82%,VA
51029,74.76%,VA
51830,74.65%,VA
51735,74.65%,VA
51095,74.56%,VA
51105,74.56%,VA
51700,74.49%,VA
51085,74.48%,VA
51790,74.36%,VA
51135,74.28%,VA
51163,74.22%,VA
51036,73.96%,VA
51121,73.96%,VA
51015,73.94%,VA
51810,73.93%,VA
51007,73.60%,VA
51111,73.56%,VA
51041,73.55%,VA
51075,73.38%,VA
51147,73.15%,VA
51063,72.59%,VA
51145,72.53%,VA
51005,72.47%,VA
51049,72.42%,VA
51650,72.38%,VA
51181,72.35%,VA
51580,72.32%,VA
51760,72.25%,VA
51710,71.71%,VA
51740,71.19%,VA
51091,70.94%,VA
51017,70.10%,VA
53003,84.20%,WA
53019,84.12%,WA
53009,83.66%,WA
53065,82.72%,WA
53047,82.45%,WA
53017,82.45%,WA
53069,82.42%,WA
53043,82.30%,WA
53023,82.10%,WA
53015,81.93%,WA
53075,81.78%,WA
53051,81.49%,WA
53063,81.23%,WA
53025,81.18%,WA
53035,81.17%,WA
53027,80.97%,WA
53001,80.96%,WA
53013,80.81%,WA
53049,80.50%,WA
53005,80.35%,WA
53021,80.31%,WA
53061,80.27%,WA
53057,80.16%,WA
53055,80.09%,WA
53007,79.99%,WA
53071,79.72%,WA
53039,79.65%,WA
53037,79.54%,WA
53029,79.53%,WA
53031,78.76%,WA
53045,78.75%,WA
53077,77.47%,WA
53073,77.07%,WA
53041,76.67%,WA
53059,74.99%,WA
53067,74.70%,WA
53053,74.54%,WA
53033,73.67%,WA
53011,71.05%,WA
54051,82.26%,WV
54073,81.48%,WV
54069,81.48%,WV
54009,81.23%,WV
54107,81.00%,WV
54029,80.72%,WV
54085,80.67%,WV
54103,80.62%,WV
54021,80.55%,WV
54095,80.41%,WV
54081,80.13%,WV
54053,80.06%,WV
54011,80.02%,WV
54005,79.98%,WV
54039,79.83%,WV
54013,79.70%,WV
54105,79.70%,WV
54087,79.63%,WV
54079,79.46%,WV
54035,79.31%,WV
54045,79.30%,WV
54007,79.24%,WV
54017,79.11%,WV
54109,79.00%,WV
54055,78.91%,WV
54015,78.47%,WV
54043,78.47%,WV
54041,78.22%,WV
54049,77.82%,WV
54099,77.79%,WV
54033,77.77%,WV
54059,77.60%,WV
54019,77.40%,WV
54101,77.33%,WV
54061,77.20%,WV
54097,77.13%,WV
54037,76.69%,WV
54067,76.66%,WV
54083,76.20%,WV
54065,75.97%,WV
54003,75.94%,WV
54001,75.76%,WV
54025,75.44%,WV
54091,75.35%,WV
54089,74.94%,WV
54031,74.55%,WV
54075,74.47%,WV
54063,74.15%,WV
54093,74.00%,WV
54027,73.41%,WV
54077,73.26%,WV
54057,72.68%,WV
54071,72.53%,WV
54023,71.71%,WV
55053,84.10%,WI
55141,83.28%,WI
55019,82.65%,WI
55001,82.60%,WI
55078,82.59%,WI
55097,82.06%,WI
55077,81.35%,WI
55137,81.14%,WI
55043,81.11%,WI
55067,81.08%,WI
55035,81.00%,WI
55081,80.86%,WI
55063,80.82%,WI
55121,80.78%,WI
55057,80.60%,WI
55115,80.54%,WI
55073,80.44%,WI
55051,80.38%,WI
55021,80.00%,WI
55003,80.00%,WI
55083,79.98%,WI
55085,79.96%,WI
55069,79.78%,WI
55047,79.51%,WI
55041,79.31%,WI
55023,79.04%,WI
55125,78.90%,WI
55011,78.85%,WI
55055,78.81%,WI
55087,78.61%,WI
55065,78.49%,WI
55127,78.42%,WI
55025,78.36%,WI
55091,78.29%,WI
55017,78.27%,WI
55027,78.23%,WI
55139,78.11%,WI
55135,78.01%,WI
55123,77.99%,WI
55037,77.92%,WI
55015,77.89%,WI
55009,77.52%,WI
55105,77.29%,WI
55075,77.22%,WI
55007,77.17%,WI
55045,77.07%,WI
55047,77.07%,WI
55103,77.01%,WI
55119,76.25%,WI
55111,76.15%,WI
55033,76.07%,WI
55133,75.95%,WI
55099,75.88%,WI
55049,75.42%,WI
55095,75.38%,WI
55093,75.24%,WI
55071,75.05%,WI
55013,74.92%,WI
55061,73.76%,WI
55107,73.66%,WI
55117,73.37%,WI
55005,73.11%,WI
55031,71.90%,WI
55079,71.74%,WI
55113,71.22%,WI
55129,70.14%,WI
55131,69.75%,WI
55101,69.16%,WI
55029,68.30%,WI
55089,66.99%,WI
55059,65.85%,WI
56009,82.30%,WY
56027,82.18%,WY
56019,81.62%,WY
56045,81.04%,WY
56025,80.70%,WY
56031,80.47%,WY
56005,80.45%,WY
56015,80.42%,WY
56011,80.14%,WY
56043,79.96%,WY
56001,79.56%,WY
56021,79.53%,WY
56035,79.48%,WY
56029,79.46%,WY
56037,79.42%,WY
56041,78.89%,WY
56003,78.72%,WY
56013,78.62%,WY
56007,78.45%,WY
56033,78.30%,WY
56017,77.68%,WY
56023,77.05%,WY
56039,76.50%,WY
